delivery_bucket,orders,avg_revenue,return_rate,avg_refund
0-2,23670,24224.469174482467,0.06201943388255175,14765.653099455041
3-4,117931,24149.391783585317,0.06442750421856848,14080.767280863385
5-7,283416,24218.011593099895,0.06406836593558585,14169.280048463488
8+,141050,24286.096353420773,0.06265863169088975,14103.990821452817
