order_status,orders,revenue,avg_order_value
cancelled,59462,1447013637.43,24335.09867528842
created,7275,181835018.77,24994.504298281787
delivered,516716,12518175957.2,24226.41442726759
paid,13577,330627096.24,24351.999428445164
returned,36142,865938715.59,23959.34689806873
shipped,13773,337278840.2,24488.407768823057
