payment_method,orders,revenue,avg_order_value,cancel_rate,created_rate,returned_rate,payment_record_rate,avg_installments
apple_pay,64763,1564269610.5,24153.754620693915,0.08013835060142366,0.011302750027021602,0.05047635223816068,1.0,3.880718929018112
bank_transfer,32131,775902511.08,24148.09719834428,0.07889577043976222,0.010675049018082226,0.04995175998257135,1.0,3.852976875914226
cod,96681,2346947592.93,24275.168781146243,0.15999007043783164,0.011191444027264923,0.08915919363680558,1.0,1.0
credit_card,356352,8630069413.19,24217.822302638964,0.07984240301724138,0.011303430316091954,0.04997025413074713,1.0,3.8803991558908044
paypal,97018,2363680137.73,24363.315443835163,0.08057267723515224,0.011235028551402832,0.04989795708012946,1.0,3.878424622235049
