period,years,avg_annual_revenue,avg_daily_revenue,avg_sessions,avg_orders_per_1000_sessions,avg_revenue_per_session,avg_aov_all_orders,avg_stockout_rate,avg_fill_rate,avg_streetwear_share
normal_2012_2018,2012-2018,1718053476.2728572,4999769.751658754,8135987.333333333,9.735919990779527,233.0820536442741,24019.11390254999,0.6761174298323672,0.9592974390210911,0.7872622045552319
weakening_2019,2019-2019,1136801441.51,3114524.497287671,9990148.0,4.164202572374303,113.79225227794423,27326.300846373884,0.6692373607540703,0.9642505398457584,0.8103743103420564
covid_2020_2022,2020-2022,1089100270.0366666,2981205.1409573318,10882155.0,3.2295628940079175,100.06272444919944,30977.42196935971,0.6699403001727325,0.9636838380868423,0.8335309352339673
