has_promo,lines,revenue,gross,discount,margin,units,discount_rate,margin_rate
False,438353,10995039052.9,10995039052.9,0.0,2195015385.575469,1971104,0.0,0.19963688851077996
True,276316,4685830212.53,5435437532.63,749607320.1,-677596639.273333,1242039,0.13791112777949519,-0.14460546126093654
