rating_bucket,orders,avg_order_value,median_order_value,return_rate,cancel_rate
<3,14445,24032.006439598477,17243.07,0.0,0.0
3-3.99,17035,23864.468972116232,16842.88,0.0,0.0
4-4.49,35492,24099.27636594162,17061.105,0.0,0.0
4.5-5,44397,23905.658262495213,16997.24,0.0,0.0
