,stockout_rate,fill_rate,days_of_supply,stock_on_hand,units,revenue
stockout_rate,1.0,-0.9999998813678987,-0.036835168748698355,-0.053949204361240566,0.11577574225851772,0.08767716403313709
fill_rate,-0.9999998813678987,1.0,0.03683170162663694,0.05394272235963933,-0.11576306528167069,-0.08766949625485419
days_of_supply,-0.036835168748698355,0.03683170162663694,1.0,0.370066154513341,-0.11288002635177458,-0.09340438460965732
stock_on_hand,-0.053949204361240566,0.05394272235963933,0.370066154513341,1.0,0.4074590740207791,0.2765302899849903
units,0.11577574225851772,-0.11576306528167069,-0.11288002635177458,0.4074590740207791,1.0,0.7209564893568985
revenue,0.08767716403313709,-0.08766949625485419,-0.09340438460965732,0.2765302899849903,0.7209564893568985,1.0
