stockout_bucket,product_months,avg_revenue,median_revenue,avg_units,avg_fill_rate
0,19676,259269.63085078268,74411.18,52.86679203090059,1.0
0-10%,39549,248671.782613214,75520.34,51.41614200106197,0.9496986826468432
10-30%,600,576240.0401833333,292828.06999999995,95.935,0.8051155
30%+,422,902068.6256161138,592661.6849999999,186.14928909952607,0.4679331753554502
