,Revenue,sessions,orders,rev_per_session,orders_per_session,aov,bounce_rate,avg_duration
Revenue,1.0,0.28332729747671015,0.9359414011852021,0.7525333853484683,0.6265261008686688,-0.07300107935674488,-0.020551417271431532,-0.02562155846991775
sessions,0.28332729747671015,1.0,0.15475469781029846,-0.2831235424982811,-0.33251979570117246,0.2816474093531238,-0.004614429224443375,-0.022047053629914194
orders,0.9359414011852021,0.15475469781029846,1.0,0.7867270344503144,0.786036211549298,-0.35779500191570635,-0.026222860218326607,-0.016981678136528948
rev_per_session,0.7525333853484683,-0.2831235424982811,0.7867270344503144,1.0,0.9186452087857171,-0.2501391382768271,-0.02676694038050793,-0.009126768194384956
orders_per_session,0.6265261008686688,-0.33251979570117246,0.786036211549298,0.9186452087857171,1.0,-0.5137389063779921,-0.0280876649072112,-0.002293144268952671
aov,-0.07300107935674488,0.2816474093531238,-0.35779500191570635,-0.2501391382768271,-0.5137389063779921,1.0,0.027852559396626994,-0.011047412937040979
bounce_rate,-0.020551417271431532,-0.004614429224443375,-0.026222860218326607,-0.02676694038050793,-0.0280876649072112,0.027852559396626994,1.0,0.0065695905543817915
avg_duration,-0.02562155846991775,-0.022047053629914194,-0.016981678136528948,-0.009126768194384956,-0.002293144268952671,-0.011047412937040979,0.0065695905543817915,1.0
